'Vaga', 'Empresa','Pontuacao_Empresa','Numero_Avaliacoes','Localizacao_da_Vaga', 'Modelo', 'Salario', 'Link_Vaga'

Analista De Suporte Técnico - N3,Global Data Solutions,Sem nota,Sem avaliações,"São Paulo - SP, a 17,9 km de você.",Presencial,"R$ 4.000,00 a R$ 6.000,00 (Bruto mensal)",https://www.infojobs.com.br/vaga-de-analista-suporte-tecnico-n3-em-sao-paulo__9326494.aspx
Recuperador De Credito Jr - Osasco,INTERVALOR COBRANCA MATRIZ,"4,1",4.168 avaliações,"São Paulo - SP, a 5,8 km de você.",Presencial,"R$ 1.324,00 (Bruto mensal)",https://www.infojobs.com.br/vaga-de-recuperador-credito-jr-osasco-em-sao-paulo__9326492.aspx
Operador De Estacionamento - Itupeva E Região,Park Indigo Brasil,"4,0",2.451 avaliações,"Itupeva - SP, a 51,8 km de você.",Presencial,"R$ 1.900,00 a R$ 1.980,00 (Bruto mensal)",https://www.infojobs.com.br/vaga-de-operador-estacionamento-itupeva-regiao-em-sao-paulo__9326491.aspx
Atendente De Restaurante,QUINTAL DO ZE,Sem nota,Sem avaliações,"São Paulo - SP, a 15,6 km de você.",Presencial,"R$ 2.000,00 a R$ 2.059,00 (Bruto mensal)",https://www.infojobs.com.br/vaga-de-atendente-restaurante-em-sao-paulo__9326490.aspx
ANALISTA MARKETING I,SODEXO RETAIL COMERCIO DE REFEICOES LTDA,Sem nota,Sem avaliações,"São Paulo - SP, a 15 km de você.",Home office,Salário a combinar,https://www.infojobs.com.br/vaga-de-analista-marketing-i-em-sao-paulo__9326489.aspx
AUXILIAR DE SERVIÇOS GERAIS - PARAÍSO,EMPRESA CONFIDENCIAL,Sem nota,EMPRESA CONFIDENCIAL,"São Paulo - SP, a 11,7 km de você.",Presencial,"R$ 1.589,00 a R$ 1.590,00 (Bruto mensal)",https://www.infojobs.com.br/vaga-de-auxiliar-servicos-gerais-paraiso-em-sao-paulo__9326487.aspx
Operador De Maquina,EMPRESA CONFIDENCIAL,Sem nota,EMPRESA CONFIDENCIAL,"Santana de Parnaíba - SP, a 34,1 km de você.",Presencial,Salário a combinar,https://www.infojobs.com.br/vaga-de-operador-maquina-em-sao-paulo__9285814.aspx
Ofical De Manutenção P30 - Piracicaba,Brasanitas,"4,4",7.709 avaliações,"Piracicaba - SP, a 130,8 km de você.",Presencial,"R$ 1.800,00 (Bruto mensal)",https://www.infojobs.com.br/vaga-de-ofical-manutencao-p30-piracicaba-em-sao-paulo__9326486.aspx
OFICIAL DE MANUTENÇÃO PREDIAL CIVIL IB,"IMC SASTE-CONSTRUCOES, SERVICOS E COMERCIO","4,4",1.068 avaliações,"Osasco - SP, a 12,9 km de você.",Presencial,"R$ 2.102,00 (Bruto mensal)",https://www.infojobs.com.br/vaga-de-oficial-manutencao-predial-civil-ib-em-sao-paulo__9326483.aspx
Ajudante De Cozinha,QUINTAL DO ZE,Sem nota,Sem avaliações,"São Paulo - SP, a 15,6 km de você.",Presencial,Salário a combinar,https://www.infojobs.com.br/vaga-de-ajudante-cozinha-em-sao-paulo__9326484.aspx
Consultor De Vendas - Refeições Coletivas,BELA ALIMENTACAO,Sem nota,Sem avaliações,"São Paulo - SP, a 14,3 km de você.",Híbrido,Salário a combinar,https://www.infojobs.com.br/vaga-de-consultor-vendas-refeicoes-coletivas-em-sao-paulo__9326481.aspx
Eletricista P30 - Piracicaba,Brasanitas,"4,4",7.709 avaliações,"Piracicaba - SP, a 130,8 km de você.",Presencial,"R$ 2.300,00 (Bruto mensal)",https://www.infojobs.com.br/vaga-de-eletricista-p30-piracicaba-em-sao-paulo__9326479.aspx
LIMPADOR DE VIDROS - BELA VISTA,EMPRESA CONFIDENCIAL,Sem nota,EMPRESA CONFIDENCIAL,"São Paulo - SP, a 11,7 km de você.",Presencial,"R$ 1.726,00 a R$ 2.100,00 (Bruto mensal)",https://www.infojobs.com.br/vaga-de-limpador-vidros-bela-vista-em-sao-paulo__9326480.aspx
Analissta De Supply Chain (Foco Em Compras),Randstad - Matriz,"4,5",5.083 avaliações,"São Paulo - SP, a 18,4 km de você.",Presencial,"R$ 3.000,00 a R$ 5.000,00 (Bruto mensal)",https://www.infojobs.com.br/vaga-de-analissta-supply-chain-foco-compras-em-sao-paulo__9326474.aspx
Vendas,GARCIA EMPREENDIMENTOS,Sem nota,Sem avaliações,"São Paulo - SP, a 14,3 km de você.",Presencial,Salário a combinar,https://www.infojobs.com.br/vaga-de-vendas-em-sao-paulo__9326475.aspx
Vendas,GARCIA EMPREENDIMENTOS,Sem nota,Sem avaliações,"São Paulo - SP, a 14,3 km de você.",Presencial,Salário a combinar,https://www.infojobs.com.br/vaga-de-vendas-em-sao-paulo__9326476.aspx
Analista Administrativo De Operações,Agência Y'ALL!,Sem nota,Sem avaliações,"São Paulo - SP, a 12 km de você.",Híbrido,"R$ 4.000,00 (Bruto mensal)",https://www.infojobs.com.br/vaga-de-analista-administrativo-operacoes-em-sao-paulo__9326472.aspx
Promotor,POLLY CONSULTORIA EM SERVICOS TERCEIRIZADOS,"4,2",59 avaliações,"Guachos - SP, a 476,7 km de você.",Presencial,"R$ 1.480,00 a R$ 1.481,00 (Bruto mensal)",https://www.infojobs.com.br/vaga-de-promotor-em-sao-paulo__9326473.aspx
Gerente De Logística,TRADE EVENTOS E LOCACAO MCS LTDA,Sem nota,Sem avaliações,"São Paulo - SP, a 10,6 km de você.",Presencial,"R$ 4.000,00 (Bruto mensal)",https://www.infojobs.com.br/vaga-de-gerente-logistica-em-sao-paulo__9326471.aspx
Analista Administrativo De Vendas Junior,ADECCO,"4,4",2.331 avaliações,"Jundiaí - SP, a 29 km de você.",Presencial,"R$ 3.000,00 (Bruto mensal)",https://www.infojobs.com.br/vaga-de-analista-administrativo-vendas-junior-em-sao-paulo__9326468.aspx
Vendas Atendimento,GARCIA EMPREENDIMENTOS,Sem nota,Sem avaliações,"Guarulhos - SP, a 25,3 km de você.",Presencial,Salário a combinar,https://www.infojobs.com.br/vaga-de-vendas-atendimento-em-sao-paulo__9326467.aspx
Vendas Início Imediato,GARCIA EMPREENDIMENTOS,Sem nota,Sem avaliações,"Guarulhos - SP, a 25,3 km de você.",Presencial,"R$ 2.000,00 a R$ 6.000,00 (Bruto mensal)",https://www.infojobs.com.br/vaga-de-vendas-inicio-imediato-em-sao-paulo__9326464.aspx
Subgerente De Loja - Golden,EMPRESA CONFIDENCIAL,Sem nota,EMPRESA CONFIDENCIAL,"São Bernardo do Campo - SP, a 26,3 km de você.",Presencial,Salário a combinar,https://www.infojobs.com.br/vaga-de-subgerente-loja-golden-em-sao-paulo__9326463.aspx
Consultor De Vendas,EMPREGGA,Sem nota,Sem avaliações,"Mogi das Cruzes - SP, a 48 km de você.",Presencial,"R$ 1.850,00 (Bruto mensal)",https://www.infojobs.com.br/vaga-de-consultor-vendas-em-sao-paulo__9326457.aspx
Planejador De Manutenção,CBRE GWS DO BRASIL MANUNTENCAO E GERENCIAMENTO LTDA,"4,4",808 avaliações,"São Paulo - SP, a 13,5 km de você.",Presencial,Salário a combinar,https://www.infojobs.com.br/vaga-de-planejador-manutencao-em-sao-paulo__9326456.aspx
OP LOJA 1 - REPOSITOR,SUPERMERCADOS PAGUE MENOS,"4,4",1.015 avaliações,"Paulínia - SP, a 96,7 km de você.",Presencial,Salário a combinar,https://www.infojobs.com.br/vaga-de-op-loja-1-repositor-em-sao-paulo__9326454.aspx
Tec. Manutenção Mecânica,Randstad - Matriz,"4,5",5.083 avaliações,"Caieiras - SP, a 13,7 km de você.",Presencial,"R$ 4.021,00 a R$ 4.022,00 (Bruto mensal)",https://www.infojobs.com.br/vaga-de-tec-manutencao-mecanica-em-sao-paulo__9326449.aspx
OPERADOR DE LOJA REPOSITOR,Hokim Suermercado Ltda,Sem nota,Sem avaliações,"São Paulo - SP, a 8,7 km de você.",Presencial,Salário a combinar,https://www.infojobs.com.br/vaga-de-operador-loja-repositor-em-sao-paulo__9326447.aspx
Assistente Administrativo (Zona Leste),EMPREGGA,Sem nota,Sem avaliações,"São Paulo - SP, a 14,8 km de você.",Presencial,"R$ 2.000,00 (Bruto mensal)",https://www.infojobs.com.br/vaga-de-assistente-administrativo-zona-leste-em-sao-paulo__9326448.aspx
Coordenador De Equipe De Vendas,Nome da empresa não encontrado,Sem nota,Sem avaliações,"São Paulo - SP, a 12 km de você.",Presencial,"R$ 5.000,00 a R$ 5.200,00 (Bruto mensal)",https://www.infojobs.com.br/vaga-de-coordenador-equipe-vendas-em-sao-paulo__9326450.aspx
VENDEDOR (A) SHOPPING INTERLAGOS - PCD,Grupo COMM,"4,3",1.471 avaliações,"São Paulo - SP, a 23,2 km de você.",PCD Presencial,Salário a combinar,https://www.infojobs.com.br/vaga-de-vendedor-shopping-interlagos-pcd-em-sao-paulo__9326443.aspx
Alimentador De Linha De Produção,CAS TELECOMUNICACOES,Sem nota,Sem avaliações,"São Paulo - SP, a 8,9 km de você.",Presencial,"R$ 1.500,00 (Bruto mensal)",https://www.infojobs.com.br/vaga-de-alimentador-linha-producao-em-sao-paulo__9326444.aspx
VENDEDOR - REGIÃO CENTRAL,Direcional Engenharia SA,"4,4",2.436 avaliações,"São Paulo - SP, a 14,5 km de você.",Presencial,"R$ 4.000,00 a R$ 10.000,00 (Bruto mensal)",https://www.infojobs.com.br/vaga-de-vendedor-regiao-central-em-sao-paulo__9326446.aspx
Ajudante De Logística,CAS TELECOMUNICACOES,Sem nota,Sem avaliações,"São Paulo - SP, a 8,9 km de você.",Presencial,"R$ 1.500,00 (Bruto mensal)",https://www.infojobs.com.br/vaga-de-ajudante-logistica-em-sao-paulo__9326440.aspx
Atendente- SEM EXPERIÊNCIA.,Nome da empresa não encontrado,Sem nota,Sem avaliações,"São Paulo - SP, a 6,6 km de você.",Presencial,"R$ 1.600,00 a R$ 2.300,00 (Bruto mensal)",https://www.infojobs.com.br/vaga-de-atendente-experiencia-em-sao-paulo__9326438.aspx
Técnico Em Nutrição,EMPRESA CONFIDENCIAL,Sem nota,EMPRESA CONFIDENCIAL,"São Paulo - SP, a 12,5 km de você.",Presencial,"R$ 1.800,00 a R$ 1.900,00 (Bruto mensal)",https://www.infojobs.com.br/vaga-de-tecnico-nutricao-em-sao-paulo__9326435.aspx
Ajudante De Operador De Máquinas,CAS TELECOMUNICACOES,Sem nota,Sem avaliações,"São Paulo - SP, a 8,9 km de você.",Presencial,"R$ 20.000,00 (Bruto mensal)",https://www.infojobs.com.br/vaga-de-ajudante-operador-maquinas-em-sao-paulo__9326412.aspx
Vendedor Sem Experiência.,Nome da empresa não encontrado,Sem nota,Sem avaliações,"São Paulo - SP, a 6,4 km de você.",Presencial,"R$ 1.800,00 a R$ 3.000,00 (Bruto mensal)",https://www.infojobs.com.br/vaga-de-vendedor-experiencia-em-sao-paulo__9326409.aspx
VENDEDOR - REGIÃO CENTRAL,Direcional Engenharia SA,"4,4",2.436 avaliações,"São Paulo - SP, a 14,5 km de você.",Presencial,"R$ 4.000,00 a R$ 10.000,00 (Bruto mensal)",https://www.infojobs.com.br/vaga-de-vendedor-regiao-central-em-sao-paulo__9326446.aspx
Ajudante De Logística,CAS TELECOMUNICACOES,Sem nota,Sem avaliações,"São Paulo - SP, a 8,9 km de você.",Presencial,"R$ 1.500,00 (Bruto mensal)",https://www.infojobs.com.br/vaga-de-ajudante-logistica-em-sao-paulo__9326440.aspx
Atendente- SEM EXPERIÊNCIA.,Nome da empresa não encontrado,Sem nota,Sem avaliações,"São Paulo - SP, a 6,6 km de você.",Presencial,"R$ 1.600,00 a R$ 2.300,00 (Bruto mensal)",https://www.infojobs.com.br/vaga-de-atendente-experiencia-em-sao-paulo__9326438.aspx
Técnico Em Nutrição,EMPRESA CONFIDENCIAL,Sem nota,EMPRESA CONFIDENCIAL,"São Paulo - SP, a 12,5 km de você.",Presencial,"R$ 1.800,00 a R$ 1.900,00 (Bruto mensal)",https://www.infojobs.com.br/vaga-de-tecnico-nutricao-em-sao-paulo__9326435.aspx
Ajudante De Operador De Máquinas,CAS TELECOMUNICACOES,Sem nota,Sem avaliações,"São Paulo - SP, a 8,9 km de você.",Presencial,"R$ 20.000,00 (Bruto mensal)",https://www.infojobs.com.br/vaga-de-ajudante-operador-maquinas-em-sao-paulo__9326412.aspx
Vendedor Sem Experiência.,Nome da empresa não encontrado,Sem nota,Sem avaliações,"São Paulo - SP, a 6,4 km de você.",Presencial,"R$ 1.800,00 a R$ 3.000,00 (Bruto mensal)",https://www.infojobs.com.br/vaga-de-vendedor-experiencia-em-sao-paulo__9326409.aspx
Oficial De Manutenção Predial,CBRE GWS DO BRASIL MANUNTENCAO E GERENCIAMENTO LTDA,"4,4",808 avaliações,"São Bernardo do Campo - SP, a 28 km de você.",Presencial,Salário a combinar,https://www.infojobs.com.br/vaga-de-oficial-manutencao-predial-em-sao-paulo__9326419.aspx
Operador Atendimento I (VOZ) - DVA - OSASCO,CARREFOUR,"4,3",41.516 avaliações,"São Paulo - SP, a 16,6 km de você.",PCD Presencial,Salário a combinar,https://www.infojobs.com.br/vaga-de-operador-atendimento-i-voz-dva-osasco-em-sao-paulo__9326407.aspx
Almoxarife - Paulínia SP,ADECCO,"4,4",2.331 avaliações,"Paulínia - SP, a 93,2 km de você.",Presencial,"R$ 3.612,00 (Bruto mensal)",https://www.infojobs.com.br/vaga-de-almoxarife-paulinia-sp-em-sao-paulo__9326405.aspx
Porteiro - Santana,Grupo Liberdade,"4,4",616 avaliações,"São Paulo - SP, a 5,1 km de você.",Presencial,"R$ 1.600,00 a R$ 1.700,00 (Bruto mensal)",https://www.infojobs.com.br/vaga-de-porteiro-santana-em-sao-paulo__9326404.aspx
Assistente Financeiro – Contas A Receber,EMPRESA CONFIDENCIAL,Sem nota,EMPRESA CONFIDENCIAL,"São Paulo - SP, a 16,3 km de você.",Presencial,"R$ 1.760,00 (Bruto mensal)",https://www.infojobs.com.br/vaga-de-assistente-financeiro-contas-receber-em-sao-paulo__9326401.aspx
Consultor Comercial Externo- Hunter - Guará - SP,MANPOWER STAFFING. (Matriz),"4,4",3.890 avaliações,"Guará - SP, a 358,4 km de você.",Presencial,"R$ 2.312,00 a R$ 5.000,00 (Bruto mensal)",https://www.infojobs.com.br/vaga-de-consultor-comercial-externo-hunter-guara-sp-em-sao-paulo__9326402.aspx
VENDEDOR (A) SHOPPING INTERLAGOS,Grupo COMM,"4,3",1.471 avaliações,"São Paulo - SP, a 23,2 km de você.",Presencial,"R$ 1.828,00 (Bruto mensal)",https://www.infojobs.com.br/vaga-de-vendedor-shopping-interlagos-em-sao-paulo__9326400.aspx
Atendimento Interno- INICIO IMEDIATO.,Nome da empresa não encontrado,Sem nota,Sem avaliações,"São Paulo - SP, a 25,3 km de você.",Presencial,"R$ 1.600,00 a R$ 2.300,00 (Bruto mensal)",https://www.infojobs.com.br/vaga-de-atendimento-interno-inicio-imediato-em-sao-paulo__9326398.aspx
Promotor De Merchandising - Com MOTO - Interior De São Paulo,GENIALE PROMOÇÃO DE EVENTOS E MERCHANDISING,Sem nota,Sem avaliações,"Campinas - SP, a 73,5 km de você.",Presencial,"R$ 1.600,00 (Bruto mensal)",https://www.infojobs.com.br/vaga-de-promotor-merchandising-moto-interior-sao-paulo-em-sao-paulo__9326396.aspx
CAIXA FRENTISTA JACU PESSEGO/SP,CARREFOUR,"4,3",41.516 avaliações,"São Paulo - SP, a 25 km de você.",Presencial,Salário a combinar,https://www.infojobs.com.br/vaga-de-caixa-frentista-jacu-pessegosp-em-sao-paulo__9326394.aspx
Vendedor Interno.,Nome da empresa não encontrado,Sem nota,Sem avaliações,"São Paulo - SP, a 27,3 km de você.",Presencial,Salário a combinar,https://www.infojobs.com.br/vaga-de-vendedor-interno-em-sao-paulo__9326390.aspx
ESTAGIÁRIO ADMINISTRATIVO,GIRAFFAS ADMINISTRADORA DE FRANQUIA SA,"4,2",3.017 avaliações,"São Paulo - SP, a 10,7 km de você.",Presencial,"R$ 1.200,00 (Bruto mensal)",https://www.infojobs.com.br/vaga-de-estagiario-administrativo-em-sao-paulo__9326392.aspx
Promotor - Merchandising,ACESSO MARKETING PROMOCIONAL LTDA,Sem nota,Sem avaliações,"São Paulo - SP, a 10,3 km de você.",Presencial,"R$ 1.500,00 a R$ 1.537,00 (Bruto mensal)",https://www.infojobs.com.br/vaga-de-promotor-merchandising-em-sao-paulo__9326391.aspx
Auxiliar Administrativo - Guarulhos,RHEFERENCIA RH,Sem nota,Sem avaliações,"Guarulhos - SP, a 19,9 km de você.",Presencial,"R$ 1.500,00 a R$ 2.000,00 (Bruto mensal)",https://www.infojobs.com.br/vaga-de-auxiliar-administrativo-guarulhos-em-sao-paulo__9326337.aspx
Analista De Marketing,MP,Sem nota,Sem avaliações,"São José do Rio Preto - SP, a 406,5 km de você.",Presencial,Salário a combinar,https://www.infojobs.com.br/vaga-de-analista-marketing-em-sao-paulo__9326336.aspx
Assistente De Operações(Turismo) - Santo André,Randstad - Matriz,"4,5",5.083 avaliações,"Santo André - SP, a 25,2 km de você.",Presencial,"R$ 2.381,00 (Bruto mensal)",https://www.infojobs.com.br/vaga-de-assistente-operacoesturismo-santo-andre-em-sao-paulo__9326334.aspx
Auxiliar Frente De Caixa,ATACADAO,"4,4",31.934 avaliações,"São Paulo - SP, a 24,4 km de você.",Presencial,Salário a combinar,https://www.infojobs.com.br/vaga-de-auxiliar-frente-caixa-em-sao-paulo__9326335.aspx
Nutricionista De Produção,HOSPITAL SANTA CATARINA,"4,6",1.370 avaliações,"São Paulo - SP, a 11,2 km de você.",Presencial,Salário a combinar,https://www.infojobs.com.br/vaga-de-nutricionista-producao-em-sao-paulo__9326318.aspx
Assistente De Facilities - TEMPORÁRIO,CBRE GWS DO BRASIL MANUNTENCAO E GERENCIAMENTO LTDA,"4,4",808 avaliações,"Barueri - SP, a 18,2 km de você.",Presencial,Salário a combinar,https://www.infojobs.com.br/vaga-de-assistente-facilities-temporario-em-sao-paulo__9326325.aspx
COPEIRA,Nome da empresa não encontrado,Sem nota,Sem avaliações,"São Paulo - SP, a 2,4 km de você.",Presencial,"R$ 1.700,00 (Bruto mensal)",https://www.infojobs.com.br/vaga-de-copeira-em-sao-paulo__9326303.aspx
AUXILIAR DE LIMPEZA - VILA OLIMPIA,GB Serviços,"4,8",8 avaliações,"São Paulo - SP, a 14,5 km de você.",Presencial,"R$ 1.300,00 a R$ 1.480,00 (Bruto mensal)",https://www.infojobs.com.br/vaga-de-auxiliar-limpeza-vila-olimpia-em-sao-paulo__9326309.aspx
Vendedor Automotivo,Nome da empresa não encontrado,Sem nota,Sem avaliações,"São Paulo - SP, a 4,2 km de você.",Presencial,Salário a combinar,https://www.infojobs.com.br/vaga-de-vendedor-automotivo-em-sao-paulo__9326300.aspx
OPERADOR DE LOJA CONVENIENCIA EXPRESS ZONA LESTE - XBT/XCL,CARREFOUR,"4,3",41.516 avaliações,"São Paulo - SP, a 12 km de você.",Presencial,"R$ 1.700,00 a R$ 1.800,00 (Bruto mensal)",https://www.infojobs.com.br/vaga-de-operador-loja-conveniencia-express-zona-leste-xbtxcl-em-sao-paulo__9326301.aspx
"Auxiliar De Cozinha - Montagem E Condimentação Dos Pratos,Bem Organização.",O Burguês Burger - São José do Rio Preto/SP,Sem nota,Sem avaliações,"São José do Rio Preto - SP, a 406,4 km de você.",Presencial,Salário a combinar,"https://www.infojobs.com.br/vaga-de-auxiliar-cozinha-montagem-condimentacao-pratos,bem-organizacao-em-sao-paulo__9326295.aspx"
PROMOTOR VENDAS,CARREFOUR,"4,3",41.516 avaliações,"São Paulo - SP, a 16,6 km de você.",Presencial,Salário a combinar,https://www.infojobs.com.br/vaga-de-promotor-vendas-em-sao-paulo__9326299.aspx
Analista De Departamento Pessoal - SENIOR,EMPRESA CONFIDENCIAL,Sem nota,EMPRESA CONFIDENCIAL,"Osasco - SP, a 13,5 km de você.",Presencial,"R$ 4.500,00 a R$ 5.500,00 (Bruto mensal)",https://www.infojobs.com.br/vaga-de-analista-departamento-pessoal-senior-em-sao-paulo__9326293.aspx
AUXILIAR DE LIMPEZA - AV. PAULISTA,GB Serviços,"4,8",8 avaliações,"São Paulo - SP, a 11,4 km de você.",Presencial,"R$ 1.400,00 a R$ 1.482,00 (Bruto mensal)",https://www.infojobs.com.br/vaga-de-auxiliar-limpeza-av-paulista-em-sao-paulo__9326287.aspx
Executivo De Contas,ADECCO,"4,4",2.331 avaliações,"Campinas - SP, a 70,9 km de você.",Presencial,"R$ 2.800,00 a R$ 3.500,00 (Bruto mensal)",https://www.infojobs.com.br/vaga-de-executivo-contas-em-sao-paulo__9326289.aspx
Empacotador - CENTRO/SP,ESPACO DIGITAL DISTRIBUIDOR DE ELETRO ELETRONICOS,Sem nota,Sem avaliações,"São Paulo - SP, a 8,3 km de você.",Presencial,"R$ 1.540,00 a R$ 2.143,00 (Bruto mensal)",https://www.infojobs.com.br/vaga-de-empacotador-centrosp-em-sao-paulo__9326294.aspx
Balconista De Frios,Hokim Suermercado Ltda,Sem nota,Sem avaliações,"São Paulo - SP, a 8,7 km de você.",Presencial,Salário a combinar,https://www.infojobs.com.br/vaga-de-balconista-frios-em-sao-paulo__9326284.aspx
Repositor - De Supermercado,Nome da empresa não encontrado,Sem nota,Sem avaliações,"São Paulo - SP, a 8,9 km de você.",Presencial,"R$ 1.300,00 a R$ 1.500,00 (Bruto mensal)",https://www.infojobs.com.br/vaga-de-repositor-supermercado-em-sao-paulo__9326282.aspx
Operador De Empilhadeira,EXCLUSIVA AGENCIAMENTO E TERCEIRIZACAO,"4,0",238 avaliações,"Ipeúna - SP, a 157,3 km de você.",Presencial,"R$ 2.015,00 (Bruto mensal)",https://www.infojobs.com.br/vaga-de-operador-empilhadeira-em-sao-paulo__9326281.aspx
Auxiliar De Restaurante,ELIANE RESTAURANTE,Sem nota,Sem avaliações,"São Paulo - SP, a 18,4 km de você.",Presencial,"R$ 1.550,00 a R$ 1.700,00 (Bruto mensal)",https://www.infojobs.com.br/vaga-de-auxiliar-restaurante-em-sao-paulo__9326539.aspx
Auxiliar De Restaurante,ELIANE RESTAURANTE,Sem nota,Sem avaliações,"São Paulo - SP, a 18,4 km de você.",Presencial,"R$ 1.550,00 a R$ 1.700,00 (Bruto mensal)",https://www.infojobs.com.br/vaga-de-auxiliar-restaurante-em-sao-paulo__9326539.aspx
Auxiliar De Limpeza,Colégio Interviva,Sem nota,Sem avaliações,"Itapecerica da Serra - SP, a 32,1 km de você.",Presencial,Salário a combinar,https://www.infojobs.com.br/vaga-de-auxiliar-limpeza-em-sao-paulo__9326531.aspx
Professor De Química,Colégio Interviva,Sem nota,Sem avaliações,"Itapecerica da Serra - SP, a 32,1 km de você.",Presencial,Salário a combinar,https://www.infojobs.com.br/vaga-de-professor-quimica-em-sao-paulo__9326529.aspx
Empacotador(A) - Sorocaba/SP (Av. São Paulo),SUPERMERCADOS CONFIANÇA,"4,3",1.016 avaliações,"Sorocaba - SP, a 78,3 km de você.",Presencial,"R$ 1.504,00 (Bruto mensal)",https://www.infojobs.com.br/vaga-de-empacotadora-sorocabasp-av-sao-paulo-em-sao-paulo__9326524.aspx
OPERADOR DE LOJA - JUNDIAI,Dia Brasil Sociedade Limitada,"4,0",12.277 avaliações,"Jundiaí - SP, a 38,5 km de você.",Presencial,Salário a combinar,https://www.infojobs.com.br/vaga-de-operador-loja-jundiai-em-sao-paulo__9326521.aspx
Ajudante De Expedição - Sorocaba,BIMBO BRASIL LTDA,"4,4",4.131 avaliações,"Sorocaba - SP, a 76,5 km de você.",Presencial,Salário a combinar,https://www.infojobs.com.br/vaga-de-ajudante-expedicao-sorocaba-em-sao-paulo__9326516.aspx
OPERADOR DE LOJA - BELEM CAPELA FRANCISCO MORATO,Dia Brasil Sociedade Limitada,"4,0",12.277 avaliações,"Francisco Morato - SP, a 22,8 km de você.",Presencial,Salário a combinar,https://www.infojobs.com.br/vaga-de-operador-loja-belem-capela-francisco-morato-em-sao-paulo__9326517.aspx
AUXILIAR ADMINISTRATIVO,A C GARDINI SOCIEDADE INDIVIDUAL DE ADVOCACIA,Sem nota,Sem avaliações,"São Paulo - SP, a 12,9 km de você.",Presencial,Salário a combinar,https://www.infojobs.com.br/vaga-de-auxiliar-administrativo-em-sao-paulo__9326515.aspx
PROMOTOR (A) FERISTA - PARELHEIROS,SPAR BRASIL,"4,5",1.548 avaliações,"São Paulo - SP, a 40,6 km de você.",Presencial,Salário a combinar,https://www.infojobs.com.br/vaga-de-promotor-ferista-parelheiros-em-sao-paulo__9326518.aspx
Farmacêutico De Produção Magistral,FÓRMULA ATIVA,"4,1",28 avaliações,"São Paulo - SP, a 14 km de você.",Presencial,"R$ 5.000,00 a R$ 7.000,00 (Bruto mensal)",https://www.infojobs.com.br/vaga-de-farmaceutico-producao-magistral-em-sao-paulo__9326513.aspx
"Supervisor De Obras - Ar Condicionado, Ventilação E Exaustão","São Paulo - SP, a 5,2 km de você.",Sem nota,Sem avaliações,"São Paulo - SP, a 5,2 km de você.",Modelo de trabalho não encontrado,Salário a combinar,Link não encontrado
OPERADOR DE LOJA - PQ. PAULISTA FRANCO DA ROCHA,Dia Brasil Sociedade Limitada,"4,0",12.277 avaliações,"Franco da Rocha - SP, a 21,3 km de você.",Presencial,Salário a combinar,https://www.infojobs.com.br/vaga-de-operador-loja-pq-paulista-franco-da-rocha-em-sao-paulo__9326509.aspx
Ajudante De Expedição (PCD) - Sorocaba,BIMBO BRASIL LTDA,"4,4",4.131 avaliações,"Sorocaba - SP, a 76,5 km de você.",PCD Presencial,Salário a combinar,https://www.infojobs.com.br/vaga-de-ajudante-expedicao-pcd-sorocaba-em-sao-paulo__9326510.aspx
Encarregado De Manutenção De Frota - Santos,DANIEL BRUNO RODRIGUES MAIDANA,Sem nota,Sem avaliações,"São Paulo - SP, a 13,5 km de você.",Presencial,Salário a combinar,https://www.infojobs.com.br/vaga-de-encarregado-manutencao-frota-santos-em-sao-paulo__9326511.aspx
OPERADOR DE LOJA - VILA FORMOSA JUNDIAI,Dia Brasil Sociedade Limitada,"4,0",12.277 avaliações,"Jundiaí - SP, a 41,6 km de você.",Presencial,Salário a combinar,https://www.infojobs.com.br/vaga-de-operador-loja-vila-formosa-jundiai-em-sao-paulo__9326505.aspx
Meio Oficial Mecânico De Manutenção,Premium Talents,Sem nota,Sem avaliações,"Guarulhos - SP, a 12 km de você.",Presencial,Salário a combinar,https://www.infojobs.com.br/vaga-de-meio-oficial-mecanico-manutencao-em-sao-paulo__9326506.aspx
OPERADOR DE LOJA - CRESCIUMA CAIEIRAS,Dia Brasil Sociedade Limitada,"4,0",12.277 avaliações,"Caieiras - SP, a 13,7 km de você.",Presencial,Salário a combinar,https://www.infojobs.com.br/vaga-de-operador-loja-cresciuma-caieiras-em-sao-paulo__9326502.aspx
Auxiliar De Limpeza Escolar - Sorocaba SP,Proz Educação,"4,3",56 avaliações,"Sorocaba - SP, a 81,2 km de você.",Presencial,Salário a combinar,https://www.infojobs.com.br/vaga-de-auxiliar-limpeza-escolar-sorocaba-sp-em-sao-paulo__9326503.aspx
Atendente,"São Paulo - SP, a 13 km de você.",Sem nota,Sem avaliações,"São Paulo - SP, a 13 km de você.",Modelo de trabalho não encontrado,Salário a combinar,Link não encontrado
MONTADOR ELETRÕNICO,Solange Vieira,Sem nota,Sem avaliações,"São Carlos - SP, a 205,4 km de você.",Presencial,"R$ 1.600,00 (Bruto mensal)",https://www.infojobs.com.br/vaga-de-montador-eletronico-em-sao-paulo__9138196.aspx
Jardineiro,Bourbon Destination Club,Sem nota,Sem avaliações,"Atibaia - SP, a 245,2 km de você.",Presencial,"R$ 1.900,00 a R$ 1.926,00 (Bruto mensal)",https://www.infojobs.com.br/vaga-de-jardineiro-em-sao-paulo__9154560.aspx
Chefe De Fila,Bourbon Destination Club,Sem nota,Sem avaliações,"Atibaia - SP, a 245,2 km de você.",Presencial,Salário a combinar,https://www.infojobs.com.br/vaga-de-chefe-fila-em-sao-paulo__9043473.aspx
OPERADOR DE LOJA - BELEM ESTAÇÃO FRANCISCO MORATO,Dia Brasil Sociedade Limitada,"4,0",12.277 avaliações,"Francisco Morato - SP, a 22,2 km de você.",Presencial,Salário a combinar,https://www.infojobs.com.br/vaga-de-operador-loja-belem-estacao-francisco-morato-em-sao-paulo__9326548.aspx
Gerente De Nutrição,CIASI BASTON SAEZ SERVICOS DE RH LTDA,Sem nota,Sem avaliações,"Sumaré - SP, a 93,5 km de você.",Presencial,Salário a combinar,https://www.infojobs.com.br/vaga-de-gerente-nutricao-em-sao-paulo__9326549.aspx
Estoquista - Barra Funda,MERCADOCAR,"4,2",3.238 avaliações,"São Paulo - SP, a 5,7 km de você.",Presencial,Salário a combinar,https://www.infojobs.com.br/vaga-de-estoquista-barra-funda-em-sao-paulo__9326547.aspx
Gestor De Tráfego,EMPREGGA,Sem nota,Sem avaliações,"São Paulo - SP, a 15,2 km de você.",Presencial,Salário a combinar,https://www.infojobs.com.br/vaga-de-gestor-trafego-em-sao-paulo__9326543.aspx
Supervisor Técnico Em Nutrição,PRONUTRI PREMIUM,Sem nota,Sem avaliações,"Monte Mor - SP, a 88,1 km de você.",Presencial,"R$ 2.400,00 a R$ 2.614,00 (Bruto mensal)",https://www.infojobs.com.br/vaga-de-supervisor-tecnico-nutricao-em-sao-paulo__9326544.aspx
Auxiliar Adm De Vendas Jr I,Premium Talents,Sem nota,Sem avaliações,"Santana de Parnaíba - SP, a 27,5 km de você.",Presencial,"R$ 1.691,00 (Bruto mensal)",https://www.infojobs.com.br/vaga-de-auxiliar-adm-vendas-jr-i-em-sao-paulo__9326542.aspx
Líder De Estoque - Barra Funda,MERCADOCAR,"4,2",3.238 avaliações,"São Paulo - SP, a 5,7 km de você.",Presencial,"R$ 3.079,00 (Bruto mensal)",https://www.infojobs.com.br/vaga-de-lider-estoque-barra-funda-em-sao-paulo__9326540.aspx
Auxiliar De Restaurante,ELIANE RESTAURANTE,Sem nota,Sem avaliações,"São Paulo - SP, a 18,4 km de você.",Presencial,"R$ 1.550,00 a R$ 1.700,00 (Bruto mensal)",https://www.infojobs.com.br/vaga-de-auxiliar-restaurante-em-sao-paulo__9326539.aspx
Analista De Marketing,Premium Talents,Sem nota,Sem avaliações,"Guarulhos - SP, a 15,3 km de você.",Presencial,"R$ 4.500,00 (Bruto mensal)",https://www.infojobs.com.br/vaga-de-analista-marketing-em-sao-paulo__9326537.aspx
"Técnico Orçamentista - Ar Condicionado, Ventilação E Exaustão","São Paulo - SP, a 5,2 km de você.",Sem nota,Sem avaliações,"São Paulo - SP, a 5,2 km de você.",Modelo de trabalho não encontrado,"R$ 4.500,00 a R$ 7.500,00 (Bruto mensal)",Link não encontrado
Operador(A) Caixa INTERMITENTE - Sorocaba 2 (Av. São Paulo),SUPERMERCADOS CONFIANÇA,"4,3",1.016 avaliações,"Sorocaba - SP, a 78,3 km de você.",Presencial,"R$ 9,00 (Bruto mensal)",https://www.infojobs.com.br/vaga-de-operadora-caixa-intermitente-sorocaba-2-av-sao-paulo-em-sao-paulo__9326533.aspx
Auxiliar De Limpeza,Colégio Interviva,Sem nota,Sem avaliações,"Itapecerica da Serra - SP, a 32,1 km de você.",Presencial,Salário a combinar,https://www.infojobs.com.br/vaga-de-auxiliar-limpeza-em-sao-paulo__9326531.aspx
Professor De Química,Colégio Interviva,Sem nota,Sem avaliações,"Itapecerica da Serra - SP, a 32,1 km de você.",Presencial,Salário a combinar,https://www.infojobs.com.br/vaga-de-professor-quimica-em-sao-paulo__9326529.aspx
"Comprador Técnico - Ar Condicionado, Ventilação E Exaustão","São Paulo - SP, a 5,2 km de você.",Sem nota,Sem avaliações,"São Paulo - SP, a 5,2 km de você.",Modelo de trabalho não encontrado,"R$ 3.500,00 a R$ 4.000,00 (Bruto mensal)",Link não encontrado
Executivo Comercial- Foco Marketplace,Randstad - Matriz,"4,5",5.083 avaliações,"São Paulo - SP, a 18,4 km de você.",Híbrido,"R$ 6.000,00 a R$ 6.500,00 (Bruto mensal)",https://www.infojobs.com.br/vaga-de-executivo-comercial-foco-marketplace-em-sao-paulo__9326526.aspx
Atendente (Com/Sem Experiência) - Para Todas As Regiões De São Paulo,EMPRESA CONFIDENCIAL,Sem nota,EMPRESA CONFIDENCIAL,"São Paulo - SP, a 9,6 km de você.",Presencial,"R$ 3.000,00 a R$ 4.500,00 (Bruto mensal)",https://www.infojobs.com.br/vaga-de-atendente-comsem-experiencia-todas-as-regioes-sao-paulo-em-sao-paulo__9326525.aspx
Meio Oficial Mecânico De Manutenção,Premium Talents,Sem nota,Sem avaliações,"Guarulhos - SP, a 12 km de você.",Presencial,Salário a combinar,https://www.infojobs.com.br/vaga-de-meio-oficial-mecanico-manutencao-em-sao-paulo__9326506.aspx
OPERADOR DE LOJA - CRESCIUMA CAIEIRAS,Dia Brasil Sociedade Limitada,"4,0",12.277 avaliações,"Caieiras - SP, a 13,7 km de você.",Presencial,Salário a combinar,https://www.infojobs.com.br/vaga-de-operador-loja-cresciuma-caieiras-em-sao-paulo__9326502.aspx
Auxiliar De Limpeza Escolar - Sorocaba SP,Proz Educação,"4,3",56 avaliações,"Sorocaba - SP, a 81,2 km de você.",Presencial,Salário a combinar,https://www.infojobs.com.br/vaga-de-auxiliar-limpeza-escolar-sorocaba-sp-em-sao-paulo__9326503.aspx
Atendente,"São Paulo - SP, a 13 km de você.",Sem nota,Sem avaliações,"São Paulo - SP, a 13 km de você.",Modelo de trabalho não encontrado,Salário a combinar,Link não encontrado
REPOSITOR/CAIXA/ATENDENTE/EMPACOTADOR PCD - ZONA LESTE DE SP - INAUGURAÇÃO DE LOJA,Nome da empresa não encontrado,Sem nota,Sem avaliações,"São Paulo - SP, a 28,4 km de você.",PCD Presencial,"R$ 1.693,00 a R$ 2.102,00 (Bruto mensal)",https://www.infojobs.com.br/vaga-de-repositorcaixaatendenteempacotador-pcd-zona-leste-em-sao-paulo__9326500.aspx
Assistente Comercial,Cruzeiro Do Sul Virtual,Sem nota,Sem avaliações,"São Paulo - SP, a 9 km de você.",Presencial,Salário a combinar,https://www.infojobs.com.br/vaga-de-assistente-comercial-em-sao-paulo__9326499.aspx
Jardineiro,EMPRESA CONFIDENCIAL,Sem nota,EMPRESA CONFIDENCIAL,"São Paulo - SP, a 11,7 km de você.",Presencial,"R$ 1.599,00 a R$ 1.600,00 (Bruto mensal)",https://www.infojobs.com.br/vaga-de-jardineiro-em-sao-paulo__9326498.aspx
OPERADOR DE LOJA - JD. VASSOURAS FRANCISCO MORATO,Dia Brasil Sociedade Limitada,"4,0",12.277 avaliações,"Francisco Morato - SP, a 22,3 km de você.",Presencial,Salário a combinar,https://www.infojobs.com.br/vaga-de-operador-loja-jd-vassouras-francisco-morato-em-sao-paulo__9326496.aspx
REPOSITOR/CAIXA/ATENDENTE/EMPACOTADOR PCD - ZONA NORTE DE SP - INAUGURAÇÃO DE LOJA,Nome da empresa não encontrado,Sem nota,Sem avaliações,"São Paulo - SP, a 10,5 km de você.",PCD Presencial,"R$ 1.693,00 a R$ 2.102,00 (Bruto mensal)",https://www.infojobs.com.br/vaga-de-repositorcaixaatendenteempacotador-pcd-zona-norte-em-sao-paulo__9326497.aspx
Analista De Suporte Técnico - N3,Global Data Solutions,Sem nota,Sem avaliações,"São Paulo - SP, a 17,9 km de você.",Presencial,"R$ 4.000,00 a R$ 6.000,00 (Bruto mensal)",https://www.infojobs.com.br/vaga-de-analista-suporte-tecnico-n3-em-sao-paulo__9326494.aspx
Recuperador De Credito Jr - Osasco,INTERVALOR COBRANCA MATRIZ,"4,1",4.168 avaliações,"São Paulo - SP, a 5,8 km de você.",Presencial,"R$ 1.324,00 (Bruto mensal)",https://www.infojobs.com.br/vaga-de-recuperador-credito-jr-osasco-em-sao-paulo__9326492.aspx
Operador De Estacionamento - Itupeva E Região,Park Indigo Brasil,"4,0",2.451 avaliações,"Itupeva - SP, a 51,8 km de você.",Presencial,"R$ 1.900,00 a R$ 1.980,00 (Bruto mensal)",https://www.infojobs.com.br/vaga-de-operador-estacionamento-itupeva-regiao-em-sao-paulo__9326491.aspx
Atendente De Restaurante,QUINTAL DO ZE,Sem nota,Sem avaliações,"São Paulo - SP, a 15,6 km de você.",Presencial,"R$ 2.000,00 a R$ 2.059,00 (Bruto mensal)",https://www.infojobs.com.br/vaga-de-atendente-restaurante-em-sao-paulo__9326490.aspx
ANALISTA MARKETING I,SODEXO RETAIL COMERCIO DE REFEICOES LTDA,Sem nota,Sem avaliações,"São Paulo - SP, a 15 km de você.",Home office,Salário a combinar,https://www.infojobs.com.br/vaga-de-analista-marketing-i-em-sao-paulo__9326489.aspx
AUXILIAR DE SERVIÇOS GERAIS - PARAÍSO,EMPRESA CONFIDENCIAL,Sem nota,EMPRESA CONFIDENCIAL,"São Paulo - SP, a 11,7 km de você.",Presencial,"R$ 1.589,00 a R$ 1.590,00 (Bruto mensal)",https://www.infojobs.com.br/vaga-de-auxiliar-servicos-gerais-paraiso-em-sao-paulo__9326487.aspx
Operador De Maquina,EMPRESA CONFIDENCIAL,Sem nota,EMPRESA CONFIDENCIAL,"Santana de Parnaíba - SP, a 34,1 km de você.",Presencial,Salário a combinar,https://www.infojobs.com.br/vaga-de-operador-maquina-em-sao-paulo__9285814.aspx
Ofical De Manutenção P30 - Piracicaba,Brasanitas,"4,4",7.709 avaliações,"Piracicaba - SP, a 130,8 km de você.",Presencial,"R$ 1.800,00 (Bruto mensal)",https://www.infojobs.com.br/vaga-de-ofical-manutencao-p30-piracicaba-em-sao-paulo__9326486.aspx
OFICIAL DE MANUTENÇÃO PREDIAL CIVIL IB,"IMC SASTE-CONSTRUCOES, SERVICOS E COMERCIO","4,4",1.068 avaliações,"Osasco - SP, a 12,9 km de você.",Presencial,"R$ 2.102,00 (Bruto mensal)",https://www.infojobs.com.br/vaga-de-oficial-manutencao-predial-civil-ib-em-sao-paulo__9326483.aspx
Ajudante De Cozinha,QUINTAL DO ZE,Sem nota,Sem avaliações,"São Paulo - SP, a 15,6 km de você.",Presencial,Salário a combinar,https://www.infojobs.com.br/vaga-de-ajudante-cozinha-em-sao-paulo__9326484.aspx
MONTADOR ELETRÕNICO,Solange Vieira,Sem nota,Sem avaliações,"São Carlos - SP, a 205,4 km de você.",Presencial,"R$ 1.600,00 (Bruto mensal)",https://www.infojobs.com.br/vaga-de-montador-eletronico-em-sao-paulo__9138196.aspx
Jardineiro,Bourbon Destination Club,Sem nota,Sem avaliações,"Atibaia - SP, a 245,2 km de você.",Presencial,"R$ 1.900,00 a R$ 1.926,00 (Bruto mensal)",https://www.infojobs.com.br/vaga-de-jardineiro-em-sao-paulo__9154560.aspx
Chefe De Fila,Bourbon Destination Club,Sem nota,Sem avaliações,"Atibaia - SP, a 245,2 km de você.",Presencial,Salário a combinar,https://www.infojobs.com.br/vaga-de-chefe-fila-em-sao-paulo__9043473.aspx
OPERADOR DE LOJA - BELEM ESTAÇÃO FRANCISCO MORATO,Dia Brasil Sociedade Limitada,"4,0",12.277 avaliações,"Francisco Morato - SP, a 22,2 km de você.",Presencial,Salário a combinar,https://www.infojobs.com.br/vaga-de-operador-loja-belem-estacao-francisco-morato-em-sao-paulo__9326548.aspx
Gerente De Nutrição,CIASI BASTON SAEZ SERVICOS DE RH LTDA,Sem nota,Sem avaliações,"Sumaré - SP, a 93,5 km de você.",Presencial,Salário a combinar,https://www.infojobs.com.br/vaga-de-gerente-nutricao-em-sao-paulo__9326549.aspx
Estoquista - Barra Funda,MERCADOCAR,"4,2",3.238 avaliações,"São Paulo - SP, a 5,7 km de você.",Presencial,Salário a combinar,https://www.infojobs.com.br/vaga-de-estoquista-barra-funda-em-sao-paulo__9326547.aspx
Gestor De Tráfego,EMPREGGA,Sem nota,Sem avaliações,"São Paulo - SP, a 15,2 km de você.",Presencial,Salário a combinar,https://www.infojobs.com.br/vaga-de-gestor-trafego-em-sao-paulo__9326543.aspx
Agente De Call Center Receptivo,QI BRAZIL RH,Sem nota,Sem avaliações,"São Paulo - SP, a 10,7 km de você.",Híbrido,Salário a combinar,https://www.infojobs.com.br/vaga-de-agente-call-center-receptivo-em-sao-paulo__9326556.aspx
MONTADOR ELETRÕNICO,Solange Vieira,Sem nota,Sem avaliações,"São Carlos - SP, a 205,4 km de você.",Presencial,"R$ 1.600,00 (Bruto mensal)",https://www.infojobs.com.br/vaga-de-montador-eletronico-em-sao-paulo__9138196.aspx
Repositor De Frrios,ATACADAO,"4,4",31.934 avaliações,"São Paulo - SP, a 7,6 km de você.",Presencial,Salário a combinar,https://www.infojobs.com.br/vaga-de-repositor-frrios-em-sao-paulo__9326554.aspx
Jardineiro,Bourbon Destination Club,Sem nota,Sem avaliações,"Atibaia - SP, a 245,2 km de você.",Presencial,"R$ 1.900,00 a R$ 1.926,00 (Bruto mensal)",https://www.infojobs.com.br/vaga-de-jardineiro-em-sao-paulo__9154560.aspx
Chefe De Fila,Bourbon Destination Club,Sem nota,Sem avaliações,"Atibaia - SP, a 245,2 km de você.",Presencial,Salário a combinar,https://www.infojobs.com.br/vaga-de-chefe-fila-em-sao-paulo__9043473.aspx
Vendedor,"São Caetano do Sul - SP, a 18,7 km de você.",Sem nota,Sem avaliações,"São Caetano do Sul - SP, a 18,7 km de você.",Modelo de trabalho não encontrado,Salário a combinar,Link não encontrado
Assessor De Vendas (Materiais De Construção),SOULAN,"4,4",183 avaliações,"Barueri - SP, a 18,2 km de você.",Presencial,Salário a combinar,https://www.infojobs.com.br/vaga-de-assessor-vendas-materiais-construcao-em-sao-paulo__9326552.aspx
Salgadeiro,RHF TALENTOS,"4,5",179 avaliações,"Guarujá - SP, a 72,1 km de você.",Presencial,"R$ 1.700,00 a R$ 2.000,00 (Bruto mensal)",https://www.infojobs.com.br/vaga-de-salgadeiro-em-sao-paulo__9326551.aspx
MECANICO DE AR CONDICIONADO - INSTALAÇÃO E MANUTENÇÃO,"Barueri - SP, a 18,8 km de você.",Sem nota,Sem avaliações,"Barueri - SP, a 18,8 km de você.",Modelo de trabalho não encontrado,"R$ 3.200,00 a R$ 4.500,00 (Bruto mensal)",Link não encontrado
Gerente De Nutrição,CIASI BASTON SAEZ SERVICOS DE RH LTDA,Sem nota,Sem avaliações,"Sumaré - SP, a 93,5 km de você.",Presencial,Salário a combinar,https://www.infojobs.com.br/vaga-de-gerente-nutricao-em-sao-paulo__9326549.aspx
OPERADOR DE LOJA - BELEM ESTAÇÃO FRANCISCO MORATO,Dia Brasil Sociedade Limitada,"4,0",12.277 avaliações,"Francisco Morato - SP, a 22,2 km de você.",Presencial,Salário a combinar,https://www.infojobs.com.br/vaga-de-operador-loja-belem-estacao-francisco-morato-em-sao-paulo__9326548.aspx
Estoquista - Barra Funda,MERCADOCAR,"4,2",3.238 avaliações,"São Paulo - SP, a 5,7 km de você.",Presencial,Salário a combinar,https://www.infojobs.com.br/vaga-de-estoquista-barra-funda-em-sao-paulo__9326547.aspx
Gestor De Tráfego,EMPREGGA,Sem nota,Sem avaliações,"São Paulo - SP, a 15,2 km de você.",Presencial,Salário a combinar,https://www.infojobs.com.br/vaga-de-gestor-trafego-em-sao-paulo__9326543.aspx
Supervisor Técnico Em Nutrição,PRONUTRI PREMIUM,Sem nota,Sem avaliações,"Monte Mor - SP, a 88,1 km de você.",Presencial,"R$ 2.400,00 a R$ 2.614,00 (Bruto mensal)",https://www.infojobs.com.br/vaga-de-supervisor-tecnico-nutricao-em-sao-paulo__9326544.aspx
Auxiliar Adm De Vendas Jr I,Premium Talents,Sem nota,Sem avaliações,"Santana de Parnaíba - SP, a 27,5 km de você.",Presencial,"R$ 1.691,00 (Bruto mensal)",https://www.infojobs.com.br/vaga-de-auxiliar-adm-vendas-jr-i-em-sao-paulo__9326542.aspx
Líder De Estoque - Barra Funda,MERCADOCAR,"4,2",3.238 avaliações,"São Paulo - SP, a 5,7 km de você.",Presencial,"R$ 3.079,00 (Bruto mensal)",https://www.infojobs.com.br/vaga-de-lider-estoque-barra-funda-em-sao-paulo__9326540.aspx
Auxiliar De Restaurante,ELIANE RESTAURANTE,Sem nota,Sem avaliações,"São Paulo - SP, a 18,4 km de você.",Presencial,"R$ 1.550,00 a R$ 1.700,00 (Bruto mensal)",https://www.infojobs.com.br/vaga-de-auxiliar-restaurante-em-sao-paulo__9326539.aspx
Analista De Marketing,Premium Talents,Sem nota,Sem avaliações,"Guarulhos - SP, a 15,3 km de você.",Presencial,"R$ 4.500,00 (Bruto mensal)",https://www.infojobs.com.br/vaga-de-analista-marketing-em-sao-paulo__9326537.aspx
"Técnico Orçamentista - Ar Condicionado, Ventilação E Exaustão","Barueri - SP, a 18,8 km de você.",Sem nota,Sem avaliações,"Barueri - SP, a 18,8 km de você.",Modelo de trabalho não encontrado,"R$ 4.500,00 a R$ 7.500,00 (Bruto mensal)",Link não encontrado
Gerente De Loja,LUANDRE SERVICOS TEMPORARIOS LTDA. (C-I),"4,4",4.475 avaliações,"São Paulo - SP, a 17,9 km de você.",Presencial,"R$ 2.000,00 (Bruto mensal)",
Auxiliar Em Comércio De Churrasquinho,GISLAINE RODRIGUES,Sem nota,Sem avaliações,"São Paulo - SP, a 12,9 km de você.",Presencial,"R$ 800,00 a R$ 1.400,00 (Bruto mensal)",
Aprendiz - Cobasi Bauru,COBASI COMERCIO DE PROD BASICOS E INDUSTRIALIZADOS LTDA,"4,4",3.267 avaliações,"Bauru - SP, a 276,3 km de você.",Presencial,Salário a combinar,
Recepcionista,Floriano e Castrechini Servicos medicos,Sem nota,Sem avaliações,"Limeira - SP, a 125,7 km de você.",Presencial,Salário a combinar,
"Demostradora / Promotora De Vendas - Saúde, Ipiranga E Região",,Sem nota,Sem avaliações,"São Paulo - SP, a 16,1 km de você.",Presencial,"R$ 2.500,00 a R$ 9.000,00 (Bruto mensal)",
"Atendente / Auxiliar Em Vendas - Pinheiros, Vila Madalena E Região (SP) - Com Ou Sem Experiência / Alta Média De Ganhos",,Sem nota,Sem avaliações,"São Paulo - SP, a 11,4 km de você.",Presencial,"R$ 2.500,00 a R$ 9.000,00 (Bruto mensal)",
"Atendimento / Assistente Comercial - Osasco, Carapicuíba - Com Ou Sem Experiência - Com Ou Sem Experiência / Alta Média De Ganhos",,Sem nota,Sem avaliações,"Osasco - SP, a 17,5 km de você.",Presencial,"R$ 2.500,00 a R$ 9.000,00 (Bruto mensal)",
"Atendente Comercial - São Paulo, Zona Sul - Morumbi E Região",,Sem nota,Sem avaliações,"São Paulo - SP, a 18,9 km de você.",Presencial,"R$ 2.500,00 a R$ 8.000,00 (Bruto mensal)",
Técnico De Manutenção De Impressora - Joinville,Serhum RH,Sem nota,Sem avaliações,"Ribeirão Preto - SP, a 281,3 km de você.",Presencial,"R$ 1.900,00 a R$ 2.000,00 (Bruto mensal)",
"Auxiliar / Assistente Em Vendas - Osasco E Imediações, Com Ou Sem Experiência",JIRE CONSULTORIA IMOBILIARIA,Sem nota,Sem avaliações,"Osasco - SP, a 12,9 km de você.",Presencial,"R$ 2.500,00 a R$ 7.000,00 (Bruto mensal)",
"Estagiário De Vendas - São Paulo, Zona Leste - São Mateus E Região",JIRE CONSULTORIA IMOBILIARIA,Sem nota,Sem avaliações,"São Paulo - SP, a 23,8 km de você.",Presencial,"R$ 2.500,00 a R$ 6.500,00 (Bruto mensal)",
"Atendimento Ao Público - São Paulo, Vila Leopoldina, Rio Pequeno - Inicie Já / Alta Possibilidade De Ganhos E De Crescimento",JIRE CONSULTORIA IMOBILIARIA,Sem nota,Sem avaliações,"São Paulo - SP, a 8,2 km de você.",Presencial,"R$ 2.500,00 a R$ 9.000,00 (Bruto mensal)",
"Atendente / Vendedor - Alphaville, Barueri - Altíssimas Possibilidades De Ganhos E De Crescimento",,Sem nota,Sem avaliações,"Barueri - SP, a 21,8 km de você.",Presencial,"R$ 3.500,00 a R$ 10.000,00 (Bruto mensal)",
Vendedor - Com Ou Sem Experiência - Zona Norte (Início Imdediato),,Sem nota,Sem avaliações,"São Paulo - SP, a 5,7 km de você.",Presencial,"R$ 3.500,00 a R$ 11.500,00 (Bruto mensal)",
Auxiliar Técnico De Informática,RHF TALENTOS,"4,5",179 avaliações,"São Paulo - SP, a 22,6 km de você.",Presencial,"R$ 2.800,00 (Bruto mensal)",
Ajudante De Cozinha - Açougue/ Supermercado/Cozinha/Padaria,,Sem nota,Sem avaliações,"São Paulo - SP, a 9,5 km de você.",Presencial,Salário a combinar,
Auxiliar De Serviços Gerais - Camareira,,Sem nota,Sem avaliações,"São Paulo - SP, a 9,5 km de você.",Presencial,Salário a combinar,
Cozinheiro - Cozinha Industrial,,Sem nota,Sem avaliações,"São Paulo - SP, a 9,5 km de você.",Presencial,Salário a combinar,
Auxiliar De Cozinha - Hospitalar,,Sem nota,Sem avaliações,"São Paulo - SP, a 9,5 km de você.",Presencial,Salário a combinar,
